No,Year,Tier,Title,Source_Status,DOI,Access_URL,Method,Data,Key_Finding,Main_Limitation,Connection_to_Project
1,2025,Recent,"Improved QAOA Based on CVaR for Portfolio Optimization","IEICE Transactions; peer reviewed","10.1587/transinf.2024EDP7254","https://www.jstage.jst.go.jp/article/transinf/E108.D/7/E108.D_2024EDP7254/_article","CVaR-QAOA with portfolio QUBO","Small simulated portfolio instances","CVaR improved sampling of high-quality solutions in reported tests","Small simulator study and limited realistic constraints","Compare expectation and CVaR objectives"
2,2025,Recent,"Variational Quantum Eigensolver with Linear Depth Problem-Inspired Ansatz for Solving Portfolio Optimization in Finance","Science China Information Sciences; peer reviewed","10.1007/s11432-024-4185-1","https://arxiv.org/abs/2403.04296","Linear-depth problem-inspired VQE ansatz","Small financial portfolio cases","Problem structure reduced circuit depth and improved accuracy in tests","VQE rather than QAOA; small scale","Architecture comparison and resource accounting"
3,2025,Recent,"A Real-World Test of Portfolio Optimization with Quantum Annealing","Quantum Machine Intelligence; peer reviewed","10.1007/s42484-025-00268-2","https://doi.org/10.1007/s42484-025-00268-2","Quantum annealing against production-style classical workflow","Real RBI-style multi-asset portfolios of roughly 9-11 assets","Shows practical validation and workflow issues beyond toy QUBOs","Annealing not QAOA; tiny instances","Use realistic finance baselines and domain validation"
4,2025,Recent,"Decomposition Pipeline for Large-Scale Portfolio Optimization with Applications to Near-Term Quantum Computing","Physical Review Research; peer reviewed","10.1103/PhysRevResearch.7.023142","https://doi.org/10.1103/PhysRevResearch.7.023142","Classical decomposition followed by quantum-ready subproblems","S&P 500 and Russell market data","Reported roughly 80 percent reduction in effective problem size","Decomposition can discard globally useful interactions","Fallback scaling pivot"
5,2025,Recent,"Quantum Alternating Operator Ansatz with PSO Optimizer for Portfolio Optimization Problem","Applied Soft Computing; peer reviewed","10.1016/j.asoc.2025.113419","https://doi.org/10.1016/j.asoc.2025.113419","XY alternating-operator ansatz plus particle swarm optimization","Eight portfolios from Chinese US and European markets","PSO and constraint-preserving mixing improved tested risk-parity solutions","Small universes and high optimizer cost","Optimizer and mixer ablation baseline"
6,2025,Recent,"Solving Multiple Discretization Portfolio Optimization Problem with Quantum-Classical Hybrid Algorithms","Computational Economics; peer reviewed","10.1007/s10614-025-11061-5","https://doi.org/10.1007/s10614-025-11061-5","Hybrid algorithms for multiple discrete allocation levels","10 Chinese stocks in 2021 and 15 mixed funds/assets in 2024","Shows discrete weights can be represented beyond simple selection","Extra bits greatly increase simulation size","Justifies starting with two-stage selection plus classical weights"
7,2025,Recent,"Higher-Order Portfolio Optimization with QAOA","IEEE QCE; peer reviewed","10.1109/QCE65121.2025.00244","https://amor.cms.hu-berlin.de/~zhaobo/QCE25-HUBO-QAOA.pdf","HUBO-QAOA including skewness and kurtosis","Small US equity example including Disney and Travelers","Higher moments add non-Gaussian risk information","Higher-order terms raise circuit/resource cost","Optional later risk-objective extension"
8,2025,Recent,"Quantum Portfolio Optimization with Expert Analysis Evaluation","IEEE QCE; peer reviewed","10.1109/QCE65121.2025.10344","https://arxiv.org/abs/2507.20532","QAOA/VQA results checked with expert financial analysis","Yahoo Finance 2025; 4 and 10 assets","Low energy alone is insufficient for an investable portfolio","Tiny short-horizon and partly subjective evaluation","Report financial validity metrics"
9,2025,Recent,"Portfolio Construction Using a Sampling-Based Variational Quantum Scheme","arXiv preprint","","https://arxiv.org/abs/2508.13557","Sampling-based CVaR VQA plus classical constraint checks and local search","Simplified realistic bond-ETF design case","Reported best hybrid result within 0.49 percent of CPLEX optimum","Preprint and partly proprietary instance; no advantage proof","Hybrid repair and auditable constraints"
10,2025,Recent,"Quantum Portfolio Optimization: An Extensive Benchmark","arXiv preprint","","https://arxiv.org/abs/2509.17876","MIP heuristics annealing and QAOA benchmark","250 Nasdaq instances up to 1000 assets; quantum up to 30","Exact MIP solved all tests quickly and tailored heuristic beat quantum methods","QAOA tested only at small scale","Forces strong classical baselines and honest claims"
11,2025,Recent,"A Quantum Model for Constrained Markowitz Modern Portfolio Using Slack Variables to Process Mixed-Binary Optimization under QAOA","Quantum Machine Intelligence; peer reviewed","10.1007/s42484-025-00330-z","https://arxiv.org/abs/2601.03278","Binary slack variables plus penalty-QAOA","Small synthetic return/covariance cases","Slack construction reached tested optima where simpler penalty formulation failed","Extra qubits and delicate penalties","Use slack only for unavoidable inequalities"
12,2026,Recent,"End-to-End Portfolio Optimization with Hybrid Quantum Annealing","Advanced Quantum Technologies; peer reviewed","10.1002/qute.202500753","https://arxiv.org/abs/2504.08843","Annealing selection plus classical weights and rebalancing","Indian equity-market style data","Evaluates complete portfolio workflow instead of one solve","Annealing not QAOA and no quantum advantage","Two-stage workflow and backtesting discipline"
13,2025,Recent,"Efficient QAOA Architecture for Solving Multi-Constrained Optimization Problems","IEEE QCE; peer reviewed","10.1109/QCE65121.2025.00048","https://arxiv.org/abs/2506.03115","XY mixers for equalities plus inequality indicator circuits","Synthetic knapsack and energy allocation","Reported order-of-magnitude time-to-solution improvement on selected tests","Deep constraint circuits and non-financial data","Hybrid mixer plus penalty/slack architecture"
14,2026,Recent,"Hot-Starting Quantum Portfolio Optimization","QUEST-IS 2025 / Springer CCIS; peer reviewed","10.1007/978-3-032-13855-2_3","https://arxiv.org/abs/2510.11153","Continuous-relaxation interval restriction and hot-start QAOA","S&P 500/Refinitiv Aug 2003-Jul 2023; small subsets","Four-asset illustration reduced encoding from 40 to 6 qubits","May exclude discrete optimum; tiny demonstrations","Optional discrete-weight pivot"
15,2026,Recent,"Q-PORT: Quantum Portfolio Optimization with Resource-Efficient Encoding and Scalability Analysis","QUEST-IS 2025 / Springer CCIS; peer reviewed","10.1007/978-3-032-13852-1_34","https://link.springer.com/chapter/10.1007/978-3-032-13852-1_34","Multiple stocks per qubit encoding","Small portfolio simulations","Resource-efficient encoding saved qubits in reported tests","Harder decoding and constraint expression","Scaling literature and later pivot"
16,2026,Recent,"Constrained Portfolio Optimization via QAOA with XY-Mixers and Trotterized Initialization","arXiv preprint","","https://arxiv.org/abs/2602.14827","Trotterized feasible initialization and XY-QAOA for direct indexing","Yahoo Finance; 10 stocks K=5; 2025 walk-forward","Reported return 30.09 percent and Sharpe 1.81","One tiny universe and turnover 76.8 percent","Closest exact-cardinality QAOA baseline"
17,2026,Recent,"Constrained Counterdiabatic QAOA for Portfolio Optimization","arXiv preprint","","https://arxiv.org/abs/2605.06858","Dicke/XY constrained QAOA plus counterdiabatic terms","Random Qiskit Finance instances; mainly N=12 B=4","Improved shallow-depth approximation ratios in tests","Three-body terms add depth leakage and runtime","Optional late ablation only"
18,2026,Recent,"A Two-Step QAOA for Portfolio Optimization and Risk Assessment","Quantum Reports; peer reviewed","10.3390/quantum8020045","https://www.mdpi.com/2624-960X/8/2/45","QAOA selection followed by energy-based preference indicator","Small simulated portfolios","Produces a portfolio and an additional relative assessment score","Indicator is not a standard financial risk metric","Prefer recognized optimization and finance metrics"
19,2026,Recent,"Quantum Stochastic Walks for Portfolio Optimization","npj Unconventional Computing; peer reviewed","10.1038/s44335-025-00050-4","https://doi.org/10.1038/s44335-025-00050-4","Open quantum walks over financial correlation networks","Top 100 S&P 500 2018-2024 plus 30 trials spanning 1990-2024","Shows value of broad historical testing","Not QAOA and no discrete constraint model","Repeated-period robustness standard"
20,2026,Recent,"Solving the Portfolio Optimization Problem on a Photonic Quantum Computer","Entropy; peer reviewed","10.3390/e28070717","https://doi.org/10.3390/e28070717","Binary boson sampling versus simulated annealing","500 constructed portfolio instances","Reported 74 percent global-optimum rate and near 2 percent mean gap at size 25","Mostly simulation; photonic method not QAOA","Use instance distributions not one best run"
21,2026,Recent,"Benchmarking Quantum Solvers in Noisy Digital Simulations for Financial Portfolio Optimization","Entropy; peer reviewed","10.3390/e28080916","https://arxiv.org/abs/2508.21123","Noisy digital simulation of QAOA and QITE","Small synthetic/historical-style financial instances","QAOA was strong noiselessly but noise-sensitive; QITE more robust with classical cost","Approximate noise and small instances","Aer-noise sensitivity with explicit simulation label"
22,2026,Recent,"Large-Scale Portfolio Optimization Using Pauli Correlation Encoding","Scientific Reports; peer reviewed","10.1038/s41598-026-54244-2","https://arxiv.org/abs/2511.21305","Pauli correlation encoding with graph partition and classical decoding","Five years of Kaggle S&P 500; up to 250 variables","Encoded larger models than direct one-variable-per-qubit methods","Decoding/partitioning can hide quality loss","Year-end scale pivot"
23,2026,Recent,"Multiclass Portfolio Optimization via VQE with Dicke State Ansatz","Scientific Reports; peer reviewed","10.1038/s41598-026-36333-4","https://www.nature.com/articles/s41598-026-36333-4","Class-wise Dicke ansatz optimized with CMA-ES","Simulated multiclass portfolio instances","Exact quota constraints satisfied by construction","VQE not QAOA and preparation cost grows","Sector-wise mixer design"
24,2025,Recent,"Towards Large-Scale Quantum Optimization Solvers with Few Qubits","Nature Communications; peer reviewed","10.1038/s41467-024-55346-z","https://www.nature.com/articles/s41467-024-55346-z","Foundational Pauli correlation encoding","Max-Cut graphs with thousands of vertices","Demonstrated variable compression with few qubits","Not finance; measurement and decoding overhead","Foundation for Paper 22 scaling approach"
25,2026,Recent,"The Lie Algebra of XY-Mixer Topologies and Warm Starting QAOA for Constrained Optimization","npj Quantum Information; peer reviewed","10.1038/s41534-026-01192-4","https://arxiv.org/abs/2505.18396","Mixer-topology analysis and restricted-circuit pretraining","Portfolio and other constrained simulations","Structure-aware pretraining improved reliability in tests","Advanced theory and small simulations","Compare ring and sector-wise mixer topology"
26,2021,Influential,"Warm-Starting Quantum Optimization","Quantum; peer reviewed","10.22331/q-2021-06-17-479","https://quantum-journal.org/papers/q-2021-06-17-479/","Classical relaxation mapped to initial state and mixer","Combinatorial benchmarks including Max-Cut","Improved low-depth quality on several tests","Biased relaxation can mislead search","Warm-start ablation"
27,2021,Influential,"Quantum Walk-Based Portfolio Optimisation","Quantum; peer reviewed","10.22331/q-2021-07-28-513","https://quantum-journal.org/papers/q-2021-07-28-513/","Feasible graph quantum-walk mixer","Small Yahoo Finance Australian-stock portfolios","Beat authors' conventional-QAOA baseline on small simulations","Small and simulator-only","Conceptual basis for constraint-preserving mixing"
28,2023,Influential,"Benchmarking the Performance of Portfolio Optimization with QAOA","Quantum Information Processing; peer reviewed","10.1007/s11128-022-03766-5","https://arxiv.org/abs/2207.10555","Controlled mixer optimizer depth and noise comparison","DAX 30 returns 2016-2020; small subsets","Configuration choices strongly affect QAOA and noise degrades results","Small subsets and few realistic constraints","Methodological ancestor of adaptive benchmark"
29,2023,Influential,"Alignment Between Initial State and Mixer Improves QAOA Performance for Constrained Optimization","npj Quantum Information; peer reviewed","10.1038/s41534-023-00787-5","https://arxiv.org/abs/2305.03857","Aligned feasible initialization and mixer","Small portfolio cases including N=6 K=3 and hardware experiments","Small consistent ideal-simulation benefit; noise reduced it","Modest effects and small problems","Treat mixer and initialization as a pair"
30,2024,Influential,"Enhancing Knapsack-Based Financial Portfolio Optimization Using QAOA","IEEE Access; peer reviewed","10.1109/ACCESS.2024.3506981","https://arxiv.org/abs/2402.07123","Knapsack QAOA with constrained quantum-walk mixer","Small Yahoo Finance stock sets","At p at least 3 approached classical reference in tests","Tiny scale and limited constraints","Feasible-mixer baseline and depth study"
